{"v":"5.7.5","fr":29.9700012207031,"ip":0,"op":25.0000010182709,"w":500,"h":500,"nm":"Heart","ddd":0,"assets":[],"layers":[{"ddd":0,"ind":1,"ty":4,"nm":"Heart Stroke 2","sr":1,"ks":{"o":{"a":1,"k":[{"i":{"x":[0.667],"y":[1]},"o":{"x":[0.333],"y":[0]},"t":8,"s":[0]},{"i":{"x":[0.667],"y":[1]},"o":{"x":[0.333],"y":[0]},"t":19,"s":[90]},{"t":25.0000010182709,"s":[0]}],"ix":11},"r":{"a":0,"k":0,"ix":10},"p":{"a":0,"k":[248.562,250.417,0],"ix":2,"l":2},"a":{"a":0,"k":[100.25,92.943,0],"ix":1,"l":2},"s":{"a":1,"k":[{"i":{"x":[0.667,0.667,0.667],"y":[1,1,1]},"o":{"x":[0.748,0.748,0.333],"y":[0.02,0.02,0]},"t":8,"s":[100,100,100]},{"t":26.0000010590017,"s":[158,158,100]}],"ix":6,"l":2}},"ao":0,"shapes":[{"ty":"gr","it":[{"ind":0,"ty":"sh","ix":1,"ks":{"a":0,"k":{"i":[[-2.825,0],[-3.8,2.435],[0,41.792],[31.466,0],[8.67,-15.976],[19.581,0],[0,-37.019],[-53.969,-35.071]],"o":[[2.923,0],[53.97,-35.071],[0,-37.019],[-19.679,0],[-8.475,-15.879],[-31.564,0],[0,41.792],[3.702,2.435]],"v":[[-0.049,92.693],[10.96,87.921],[100,-30.248],[42.718,-92.693],[-0.049,-65.904],[-42.718,-92.693],[-100,-30.248],[-10.96,87.921]],"c":true},"ix":2},"nm":"Path 1","mn":"ADBE Vector Shape - Group","hd":false},{"ty":"tr","p":{"a":0,"k":[100.25,92.944],"ix":2},"a":{"a":0,"k":[0,0],"ix":1},"s":{"a":0,"k":[100,100],"ix":3},"r":{"a":0,"k":0,"ix":6},"o":{"a":0,"k":100,"ix":7},"sk":{"a":0,"k":0,"ix":4},"sa":{"a":0,"k":0,"ix":5},"nm":"Transform"}],"nm":"Group 1","np":2,"cix":2,"bm":0,"ix":1,"mn":"ADBE Vector Group","hd":false},{"ty":"st","c":{"a":0,"k":[1,0.227450980392,0.388235294118,1],"ix":3},"o":{"a":0,"k":100,"ix":4},"w":{"a":0,"k":1,"ix":5},"lc":1,"lj":1,"ml":4,"bm":0,"nm":"Stroke 1","mn":"ADBE Vector Graphic - Stroke","hd":false}],"ip":8.00000032584668,"op":25.0000010182709,"st":1.00000004073083,"bm":0},{"ddd":0,"ind":2,"ty":4,"nm":"Heart Stroke 1","sr":1,"ks":{"o":{"a":1,"k":[{"i":{"x":[0.667],"y":[1]},"o":{"x":[0.333],"y":[0]},"t":5,"s":[0]},{"i":{"x":[0.667],"y":[1]},"o":{"x":[0.333],"y":[0]},"t":16,"s":[90]},{"t":22.0000008960784,"s":[0]}],"ix":11},"r":{"a":0,"k":0,"ix":10},"p":{"a":0,"k":[248.562,250.417,0],"ix":2,"l":2},"a":{"a":0,"k":[100.25,92.943,0],"ix":1,"l":2},"s":{"a":1,"k":[{"i":{"x":[0.667,0.667,0.667],"y":[1,1,1]},"o":{"x":[0.748,0.748,0.333],"y":[0.02,0.02,0]},"t":5,"s":[100,100,100]},{"t":23.0000009368092,"s":[158,158,100]}],"ix":6,"l":2}},"ao":0,"shapes":[{"ty":"gr","it":[{"ind":0,"ty":"sh","ix":1,"ks":{"a":0,"k":{"i":[[-2.825,0],[-3.8,2.435],[0,41.792],[31.466,0],[8.67,-15.976],[19.581,0],[0,-37.019],[-53.969,-35.071]],"o":[[2.923,0],[53.97,-35.071],[0,-37.019],[-19.679,0],[-8.475,-15.879],[-31.564,0],[0,41.792],[3.702,2.435]],"v":[[-0.049,92.693],[10.96,87.921],[100,-30.248],[42.718,-92.693],[-0.049,-65.904],[-42.718,-92.693],[-100,-30.248],[-10.96,87.921]],"c":true},"ix":2},"nm":"Path 1","mn":"ADBE Vector Shape - Group","hd":false},{"ty":"tr","p":{"a":0,"k":[100.25,92.944],"ix":2},"a":{"a":0,"k":[0,0],"ix":1},"s":{"a":0,"k":[100,100],"ix":3},"r":{"a":0,"k":0,"ix":6},"o":{"a":0,"k":100,"ix":7},"sk":{"a":0,"k":0,"ix":4},"sa":{"a":0,"k":0,"ix":5},"nm":"Transform"}],"nm":"Group 1","np":2,"cix":2,"bm":0,"ix":1,"mn":"ADBE Vector Group","hd":false},{"ty":"st","c":{"a":0,"k":[1,0.227450980392,0.388235294118,1],"ix":3},"o":{"a":0,"k":100,"ix":4},"w":{"a":0,"k":2,"ix":5},"lc":1,"lj":1,"ml":4,"bm":0,"nm":"Stroke 1","mn":"ADBE Vector Graphic - Stroke","hd":false}],"ip":5.00000020365417,"op":23.0000009368092,"st":-2.00000008146167,"bm":0},{"ddd":0,"ind":3,"ty":4,"nm":"Red Heart","sr":1,"ks":{"o":{"a":1,"k":[{"i":{"x":[0.833],"y":[0.833]},"o":{"x":[0.167],"y":[0.167]},"t":7,"s":[100]},{"t":17.0000006924242,"s":[100]}],"ix":11},"r":{"a":0,"k":0,"ix":10},"p":{"a":0,"k":[249.562,250.417,0],"ix":2,"l":2},"a":{"a":0,"k":[100.25,92.943,0],"ix":1,"l":2},"s":{"a":1,"k":[{"i":{"x":[0.667,0.667,0.667],"y":[1,1,1]},"o":{"x":[0.333,0.333,0.333],"y":[0,0,0]},"t":0,"s":[0,0,100]},{"i":{"x":[0.833,0.833,0.833],"y":[1,1,1]},"o":{"x":[0.167,0.167,0.167],"y":[0,0,0]},"t":7,"s":[100,100,100]},{"i":{"x":[0.833,0.833,0.833],"y":[1,1,1]},"o":{"x":[0.167,0.167,0.167],"y":[0,0,0]},"t":9,"s":[110,110,100]},{"i":{"x":[0.667,0.667,0.667],"y":[1,1,1]},"o":{"x":[0.167,0.167,0.167],"y":[0,0,0]},"t":11,"s":[100,100,100]},{"i":{"x":[0.833,0.833,0.833],"y":[1,1,1]},"o":{"x":[0.167,0.167,0.167],"y":[0,0,0]},"t":12,"s":[100,100,100]},{"i":{"x":[0.833,0.833,0.833],"y":[1,1,1]},"o":{"x":[0.167,0.167,0.167],"y":[0,0,0]},"t":14,"s":[110,110,100]},{"t":16.0000006516934,"s":[100,100,100]}],"ix":6,"l":2}},"ao":0,"shapes":[{"ty":"gr","it":[{"ind":0,"ty":"sh","ix":1,"ks":{"a":0,"k":{"i":[[-2.825,0],[-3.8,2.435],[0,41.792],[31.466,0],[8.67,-15.976],[19.581,0],[0,-37.019],[-53.969,-35.071]],"o":[[2.923,0],[53.97,-35.071],[0,-37.019],[-19.679,0],[-8.475,-15.879],[-31.564,0],[0,41.792],[3.702,2.435]],"v":[[-0.049,92.693],[10.96,87.921],[100,-30.248],[42.718,-92.693],[-0.049,-65.904],[-42.718,-92.693],[-100,-30.248],[-10.96,87.921]],"c":true},"ix":2},"nm":"Path 1","mn":"ADBE Vector Shape - Group","hd":false},{"ty":"fl","c":{"a":0,"k":[1,0.226999993418,0.388000009574,1],"ix":4},"o":{"a":0,"k":100,"ix":5},"r":1,"bm":0,"nm":"Fill 1","mn":"ADBE Vector Graphic - Fill","hd":false},{"ty":"tr","p":{"a":0,"k":[100.25,92.944],"ix":2},"a":{"a":0,"k":[0,0],"ix":1},"s":{"a":0,"k":[100,100],"ix":3},"r":{"a":0,"k":0,"ix":6},"o":{"a":0,"k":100,"ix":7},"sk":{"a":0,"k":0,"ix":4},"sa":{"a":0,"k":0,"ix":5},"nm":"Transform"}],"nm":"Group 1","np":2,"cix":2,"bm":0,"ix":1,"mn":"ADBE Vector Group","hd":false}],"ip":0,"op":25.0000010182709,"st":0,"bm":0},{"ddd":0,"ind":5,"ty":4,"nm":"Grey Heart","sr":1,"ks":{"o":{"a":1,"k":[{"i":{"x":[0.833],"y":[0.833]},"o":{"x":[0.167],"y":[0.167]},"t":8,"s":[100]},{"t":18.000000733155,"s":[100]}],"ix":11},"r":{"a":0,"k":0,"ix":10},"p":{"a":0,"k":[249.562,250.417,0],"ix":2,"l":2},"a":{"a":0,"k":[100.25,92.943,0],"ix":1,"l":2},"s":{"a":0,"k":[100,100,100],"ix":6,"l":2}},"ao":0,"shapes":[{"ty":"gr","it":[{"ind":0,"ty":"sh","ix":1,"ks":{"a":0,"k":{"i":[[-2.825,0],[-3.8,2.435],[0,41.792],[31.466,0],[8.67,-15.976],[19.581,0],[0,-37.019],[-53.969,-35.071]],"o":[[2.923,0],[53.97,-35.071],[0,-37.019],[-19.679,0],[-8.475,-15.879],[-31.564,0],[0,41.792],[3.702,2.435]],"v":[[-0.049,92.693],[10.96,87.921],[100,-30.248],[42.718,-92.693],[-0.049,-65.904],[-42.718,-92.693],[-100,-30.248],[-10.96,87.921]],"c":true},"ix":2},"nm":"Path 1","mn":"ADBE Vector Shape - Group","hd":false},{"ty":"fl","c":{"a":0,"k":[0.847000002394,0.847000002394,0.847000002394,1],"ix":4},"o":{"a":0,"k":100,"ix":5},"r":1,"bm":0,"nm":"Fill 1","mn":"ADBE Vector Graphic - Fill","hd":false},{"ty":"tr","p":{"a":0,"k":[100.25,92.944],"ix":2},"a":{"a":0,"k":[0,0],"ix":1},"s":{"a":0,"k":[100,100],"ix":3},"r":{"a":0,"k":0,"ix":6},"o":{"a":0,"k":100,"ix":7},"sk":{"a":0,"k":0,"ix":4},"sa":{"a":0,"k":0,"ix":5},"nm":"Transform"}],"nm":"Group 1","np":2,"cix":2,"bm":0,"ix":1,"mn":"ADBE Vector Group","hd":false}],"ip":0,"op":25.0000010182709,"st":-1.00000004073083,"bm":0},{"ddd":0,"ind":7,"ty":3,"nm":"pehla 2","sr":1,"ks":{"o":{"a":0,"k":0,"ix":11},"r":{"a":0,"k":-3,"ix":10},"p":{"a":0,"k":[409.573,184.657,0],"ix":2,"l":2},"a":{"a":0,"k":[51.882,50.843,0],"ix":1,"l":2},"s":{"a":0,"k":[82,82,100],"ix":6,"l":2}},"ao":0,"ip":0,"op":25.0000010182709,"st":0,"bm":0},{"ddd":0,"ind":8,"ty":3,"nm":"pehla","sr":1,"ks":{"o":{"a":0,"k":0,"ix":11},"r":{"a":0,"k":-3,"ix":10},"p":{"a":0,"k":[409.573,184.657,0],"ix":2,"l":2},"a":{"a":0,"k":[51.882,50.843,0],"ix":1,"l":2},"s":{"a":0,"k":[82,82,100],"ix":6,"l":2}},"ao":0,"ip":0,"op":25.0000010182709,"st":0,"bm":0},{"ddd":0,"ind":9,"ty":4,"nm":"Red Heart 4","parent":8,"sr":1,"ks":{"o":{"a":1,"k":[{"i":{"x":[0.667],"y":[1]},"o":{"x":[0.167],"y":[0]},"t":10,"s":[100]},{"i":{"x":[0.667],"y":[1]},"o":{"x":[0.333],"y":[0]},"t":17,"s":[100]},{"t":24.00000097754,"s":[0]}],"ix":11},"r":{"a":0,"k":-12,"ix":10},"p":{"a":1,"k":[{"i":{"x":0.667,"y":1},"o":{"x":0.333,"y":0},"t":10,"s":[24.568,141.017,0],"to":[41.5,-90.667,0],"ti":[-21,79.667,0]},{"t":24.00000097754,"s":[24.568,-43.983,0]}],"ix":2,"l":2},"a":{"a":0,"k":[100.25,92.943,0],"ix":1,"l":2},"s":{"a":0,"k":[15,15,100],"ix":6,"l":2}},"ao":0,"shapes":[{"ty":"gr","it":[{"ind":0,"ty":"sh","ix":1,"ks":{"a":0,"k":{"i":[[-2.825,0],[-3.8,2.435],[0,41.792],[31.466,0],[8.67,-15.976],[19.581,0],[0,-37.019],[-53.969,-35.071]],"o":[[2.923,0],[53.97,-35.071],[0,-37.019],[-19.679,0],[-8.475,-15.879],[-31.564,0],[0,41.792],[3.702,2.435]],"v":[[-0.049,92.693],[10.96,87.921],[100,-30.248],[42.718,-92.693],[-0.049,-65.904],[-42.718,-92.693],[-100,-30.248],[-10.96,87.921]],"c":true},"ix":2},"nm":"Path 1","mn":"ADBE Vector Shape - Group","hd":false},{"ty":"fl","c":{"a":0,"k":[1,0.226999993418,0.388000009574,1],"ix":4},"o":{"a":0,"k":100,"ix":5},"r":1,"bm":0,"nm":"Fill 1","mn":"ADBE Vector Graphic - Fill","hd":false},{"ty":"tr","p":{"a":0,"k":[100.25,92.944],"ix":2},"a":{"a":0,"k":[0,0],"ix":1},"s":{"a":0,"k":[100,100],"ix":3},"r":{"a":0,"k":0,"ix":6},"o":{"a":0,"k":100,"ix":7},"sk":{"a":0,"k":0,"ix":4},"sa":{"a":0,"k":0,"ix":5},"nm":"Transform"}],"nm":"Group 1","np":2,"cix":2,"bm":0,"ix":1,"mn":"ADBE Vector Group","hd":false}],"ip":10.0000004073083,"op":24.00000097754,"st":2.00000008146167,"bm":0},{"ddd":0,"ind":10,"ty":4,"nm":"Red Heart 3","parent":8,"sr":1,"ks":{"o":{"a":1,"k":[{"i":{"x":[0.667],"y":[1]},"o":{"x":[0.167],"y":[0]},"t":7,"s":[100]},{"i":{"x":[0.667],"y":[1]},"o":{"x":[0.333],"y":[0]},"t":14,"s":[100]},{"t":21.0000008553475,"s":[0]}],"ix":11},"r":{"a":0,"k":0,"ix":10},"p":{"a":1,"k":[{"i":{"x":0.667,"y":1},"o":{"x":0.333,"y":0},"t":7,"s":[51.016,125.433,0],"to":[28.478,-95.56,0],"ti":[-9.708,81.814,0]},{"t":21.0000008553475,"s":[25.269,-57.767,0]}],"ix":2,"l":2},"a":{"a":0,"k":[100.25,92.943,0],"ix":1,"l":2},"s":{"a":0,"k":[15,15,100],"ix":6,"l":2}},"ao":0,"shapes":[{"ty":"gr","it":[{"ind":0,"ty":"sh","ix":1,"ks":{"a":0,"k":{"i":[[-2.825,0],[-3.8,2.435],[0,41.792],[31.466,0],[8.67,-15.976],[19.581,0],[0,-37.019],[-53.969,-35.071]],"o":[[2.923,0],[53.97,-35.071],[0,-37.019],[-19.679,0],[-8.475,-15.879],[-31.564,0],[0,41.792],[3.702,2.435]],"v":[[-0.049,92.693],[10.96,87.921],[100,-30.248],[42.718,-92.693],[-0.049,-65.904],[-42.718,-92.693],[-100,-30.248],[-10.96,87.921]],"c":true},"ix":2},"nm":"Path 1","mn":"ADBE Vector Shape - Group","hd":false},{"ty":"fl","c":{"a":0,"k":[1,0.226999993418,0.388000009574,1],"ix":4},"o":{"a":0,"k":100,"ix":5},"r":1,"bm":0,"nm":"Fill 1","mn":"ADBE Vector Graphic - Fill","hd":false},{"ty":"tr","p":{"a":0,"k":[100.25,92.944],"ix":2},"a":{"a":0,"k":[0,0],"ix":1},"s":{"a":0,"k":[100,100],"ix":3},"r":{"a":0,"k":0,"ix":6},"o":{"a":0,"k":100,"ix":7},"sk":{"a":0,"k":0,"ix":4},"sa":{"a":0,"k":0,"ix":5},"nm":"Transform"}],"nm":"Group 1","np":2,"cix":2,"bm":0,"ix":1,"mn":"ADBE Vector Group","hd":false}],"ip":7.00000028511585,"op":21.0000008553475,"st":-1.00000004073083,"bm":0},{"ddd":0,"ind":11,"ty":4,"nm":"Red Heart 2","parent":8,"sr":1,"ks":{"o":{"a":1,"k":[{"i":{"x":[0.667],"y":[1]},"o":{"x":[0.167],"y":[0]},"t":4,"s":[100]},{"i":{"x":[0.667],"y":[1]},"o":{"x":[0.333],"y":[0]},"t":11,"s":[100]},{"t":18.000000733155,"s":[0]}],"ix":11},"r":{"a":0,"k":-20,"ix":10},"p":{"a":1,"k":[{"i":{"x":0.667,"y":1},"o":{"x":0.333,"y":0},"t":4,"s":[34.94,123.386,0],"to":[28.478,-95.56,0],"ti":[-9.708,81.814,0]},{"t":18.000000733155,"s":[9.193,-59.814,0]}],"ix":2,"l":2},"a":{"a":0,"k":[100.25,92.943,0],"ix":1,"l":2},"s":{"a":0,"k":[15,15,100],"ix":6,"l":2}},"ao":0,"shapes":[{"ty":"gr","it":[{"ind":0,"ty":"sh","ix":1,"ks":{"a":0,"k":{"i":[[-2.825,0],[-3.8,2.435],[0,41.792],[31.466,0],[8.67,-15.976],[19.581,0],[0,-37.019],[-53.969,-35.071]],"o":[[2.923,0],[53.97,-35.071],[0,-37.019],[-19.679,0],[-8.475,-15.879],[-31.564,0],[0,41.792],[3.702,2.435]],"v":[[-0.049,92.693],[10.96,87.921],[100,-30.248],[42.718,-92.693],[-0.049,-65.904],[-42.718,-92.693],[-100,-30.248],[-10.96,87.921]],"c":true},"ix":2},"nm":"Path 1","mn":"ADBE Vector Shape - Group","hd":false},{"ty":"fl","c":{"a":0,"k":[1,0.226999993418,0.388000009574,1],"ix":4},"o":{"a":0,"k":100,"ix":5},"r":1,"bm":0,"nm":"Fill 1","mn":"ADBE Vector Graphic - Fill","hd":false},{"ty":"tr","p":{"a":0,"k":[100.25,92.944],"ix":2},"a":{"a":0,"k":[0,0],"ix":1},"s":{"a":0,"k":[100,100],"ix":3},"r":{"a":0,"k":0,"ix":6},"o":{"a":0,"k":100,"ix":7},"sk":{"a":0,"k":0,"ix":4},"sa":{"a":0,"k":0,"ix":5},"nm":"Transform"}],"nm":"Group 1","np":2,"cix":2,"bm":0,"ix":1,"mn":"ADBE Vector Group","hd":false}],"ip":4.00000016292334,"op":18.000000733155,"st":-4.00000016292334,"bm":0},{"ddd":0,"ind":12,"ty":3,"nm":"doosra","sr":1,"ks":{"o":{"a":0,"k":0,"ix":11},"r":{"a":0,"k":-8,"ix":10},"p":{"a":0,"k":[91.83,216.2,0],"ix":2,"l":2},"a":{"a":0,"k":[53.613,50.117,0],"ix":1,"l":2},"s":{"a":0,"k":[-100,100,100],"ix":6,"l":2}},"ao":0,"ip":0,"op":25.0000010182709,"st":0,"bm":0},{"ddd":0,"ind":13,"ty":4,"nm":"Red Heart 7","parent":12,"sr":1,"ks":{"o":{"a":1,"k":[{"i":{"x":[0.667],"y":[1]},"o":{"x":[0.167],"y":[0]},"t":11,"s":[100]},{"i":{"x":[0.667],"y":[1]},"o":{"x":[0.333],"y":[0]},"t":18,"s":[100]},{"t":25.0000010182709,"s":[0]}],"ix":11},"r":{"a":0,"k":-4,"ix":10},"p":{"a":1,"k":[{"i":{"x":0.667,"y":1},"o":{"x":0.333,"y":0},"t":11,"s":[23.366,144.623,0],"to":[44.046,-68.887,0],"ti":[-26.144,62.294,0]},{"t":25.0000010182709,"s":[44.479,-5.601,0]}],"ix":2,"l":2},"a":{"a":0,"k":[100.25,92.943,0],"ix":1,"l":2},"s":{"a":0,"k":[12.3,12.3,100],"ix":6,"l":2}},"ao":0,"shapes":[{"ty":"gr","it":[{"ind":0,"ty":"sh","ix":1,"ks":{"a":0,"k":{"i":[[-2.825,0],[-3.8,2.435],[0,41.792],[31.466,0],[8.67,-15.976],[19.581,0],[0,-37.019],[-53.969,-35.071]],"o":[[2.923,0],[53.97,-35.071],[0,-37.019],[-19.679,0],[-8.475,-15.879],[-31.564,0],[0,41.792],[3.702,2.435]],"v":[[-0.049,92.693],[10.96,87.921],[100,-30.248],[42.718,-92.693],[-0.049,-65.904],[-42.718,-92.693],[-100,-30.248],[-10.96,87.921]],"c":true},"ix":2},"nm":"Path 1","mn":"ADBE Vector Shape - Group","hd":false},{"ty":"fl","c":{"a":0,"k":[1,0.226999993418,0.388000009574,1],"ix":4},"o":{"a":0,"k":100,"ix":5},"r":1,"bm":0,"nm":"Fill 1","mn":"ADBE Vector Graphic - Fill","hd":false},{"ty":"tr","p":{"a":0,"k":[100.25,92.944],"ix":2},"a":{"a":0,"k":[0,0],"ix":1},"s":{"a":0,"k":[100,100],"ix":3},"r":{"a":0,"k":0,"ix":6},"o":{"a":0,"k":100,"ix":7},"sk":{"a":0,"k":0,"ix":4},"sa":{"a":0,"k":0,"ix":5},"nm":"Transform"}],"nm":"Group 1","np":2,"cix":2,"bm":0,"ix":1,"mn":"ADBE Vector Group","hd":false}],"ip":11.0000004480392,"op":25.0000010182709,"st":3.00000012219251,"bm":0},{"ddd":0,"ind":14,"ty":4,"nm":"Red Heart 6","parent":12,"sr":1,"ks":{"o":{"a":1,"k":[{"i":{"x":[0.667],"y":[1]},"o":{"x":[0.167],"y":[0]},"t":8,"s":[100]},{"i":{"x":[0.667],"y":[1]},"o":{"x":[0.333],"y":[0]},"t":15,"s":[100]},{"t":22.0000008960784,"s":[0]}],"ix":11},"r":{"a":0,"k":8,"ix":10},"p":{"a":1,"k":[{"i":{"x":0.667,"y":1},"o":{"x":0.333,"y":0},"t":8,"s":[46.622,134.987,0],"to":[34.03,-74.347,0],"ti":[-17.22,65.327,0]},{"t":22.0000008960784,"s":[46.622,-16.713,0]}],"ix":2,"l":2},"a":{"a":0,"k":[100.25,92.943,0],"ix":1,"l":2},"s":{"a":0,"k":[12.3,12.3,100],"ix":6,"l":2}},"ao":0,"shapes":[{"ty":"gr","it":[{"ind":0,"ty":"sh","ix":1,"ks":{"a":0,"k":{"i":[[-2.825,0],[-3.8,2.435],[0,41.792],[31.466,0],[8.67,-15.976],[19.581,0],[0,-37.019],[-53.969,-35.071]],"o":[[2.923,0],[53.97,-35.071],[0,-37.019],[-19.679,0],[-8.475,-15.879],[-31.564,0],[0,41.792],[3.702,2.435]],"v":[[-0.049,92.693],[10.96,87.921],[100,-30.248],[42.718,-92.693],[-0.049,-65.904],[-42.718,-92.693],[-100,-30.248],[-10.96,87.921]],"c":true},"ix":2},"nm":"Path 1","mn":"ADBE Vector Shape - Group","hd":false},{"ty":"fl","c":{"a":0,"k":[1,0.226999993418,0.388000009574,1],"ix":4},"o":{"a":0,"k":100,"ix":5},"r":1,"bm":0,"nm":"Fill 1","mn":"ADBE Vector Graphic - Fill","hd":false},{"ty":"tr","p":{"a":0,"k":[100.25,92.944],"ix":2},"a":{"a":0,"k":[0,0],"ix":1},"s":{"a":0,"k":[100,100],"ix":3},"r":{"a":0,"k":0,"ix":6},"o":{"a":0,"k":100,"ix":7},"sk":{"a":0,"k":0,"ix":4},"sa":{"a":0,"k":0,"ix":5},"nm":"Transform"}],"nm":"Group 1","np":2,"cix":2,"bm":0,"ix":1,"mn":"ADBE Vector Group","hd":false}],"ip":8.00000032584668,"op":22.0000008960784,"st":0,"bm":0},{"ddd":0,"ind":15,"ty":4,"nm":"Red Heart 5","parent":12,"sr":1,"ks":{"o":{"a":1,"k":[{"i":{"x":[0.667],"y":[1]},"o":{"x":[0.167],"y":[0]},"t":5,"s":[100]},{"i":{"x":[0.667],"y":[1]},"o":{"x":[0.333],"y":[0]},"t":12,"s":[100]},{"t":19.0000007738859,"s":[0]}],"ix":11},"r":{"a":0,"k":-12,"ix":10},"p":{"a":1,"k":[{"i":{"x":0.667,"y":1},"o":{"x":0.333,"y":0},"t":5,"s":[33.801,131.49,0],"to":[34.03,-74.347,0],"ti":[-17.22,65.327,0]},{"t":19.0000007738859,"s":[33.801,-20.21,0]}],"ix":2,"l":2},"a":{"a":0,"k":[100.25,92.943,0],"ix":1,"l":2},"s":{"a":0,"k":[12.3,12.3,100],"ix":6,"l":2}},"ao":0,"shapes":[{"ty":"gr","it":[{"ind":0,"ty":"sh","ix":1,"ks":{"a":0,"k":{"i":[[-2.825,0],[-3.8,2.435],[0,41.792],[31.466,0],[8.67,-15.976],[19.581,0],[0,-37.019],[-53.969,-35.071]],"o":[[2.923,0],[53.97,-35.071],[0,-37.019],[-19.679,0],[-8.475,-15.879],[-31.564,0],[0,41.792],[3.702,2.435]],"v":[[-0.049,92.693],[10.96,87.921],[100,-30.248],[42.718,-92.693],[-0.049,-65.904],[-42.718,-92.693],[-100,-30.248],[-10.96,87.921]],"c":true},"ix":2},"nm":"Path 1","mn":"ADBE Vector Shape - Group","hd":false},{"ty":"fl","c":{"a":0,"k":[1,0.226999993418,0.388000009574,1],"ix":4},"o":{"a":0,"k":100,"ix":5},"r":1,"bm":0,"nm":"Fill 1","mn":"ADBE Vector Graphic - Fill","hd":false},{"ty":"tr","p":{"a":0,"k":[100.25,92.944],"ix":2},"a":{"a":0,"k":[0,0],"ix":1},"s":{"a":0,"k":[100,100],"ix":3},"r":{"a":0,"k":0,"ix":6},"o":{"a":0,"k":100,"ix":7},"sk":{"a":0,"k":0,"ix":4},"sa":{"a":0,"k":0,"ix":5},"nm":"Transform"}],"nm":"Group 1","np":2,"cix":2,"bm":0,"ix":1,"mn":"ADBE Vector Group","hd":false}],"ip":5.00000020365417,"op":19.0000007738859,"st":-3.00000012219251,"bm":0}],"markers":[]}