{"nm":"scene1","ddd":0,"h":300,"w":300,"meta":{"g":"@lottiefiles/creator 0.48.0"},"layers":[{"ty":0,"nm":" LOGO GAS","sr":1,"st":0,"op":200,"ip":0,"hd":false,"ddd":0,"bm":0,"hasMask":false,"ao":0,"ks":{"a":{"a":0,"k":[188.52458058503265,150.03743412334444]},"s":{"a":0,"k":[100,100]},"sk":{"a":0,"k":0},"p":{"a":0,"k":[188.52458058503265,150.03743412334444]},"r":{"a":0,"k":0},"sa":{"a":0,"k":0},"o":{"a":0,"k":100}},"ef":[],"w":300,"h":300,"refId":"Scene 1","ind":1}],"v":"5.7.0","fr":100,"op":200,"ip":0,"assets":[{"nm":"LOGO GAS","id":"Scene 1","fr":37,"layers":[{"ty":4,"nm":"LOGO RUTGAS Outlines 3","sr":1,"st":130,"op":2630,"ip":130,"hd":false,"ddd":0,"bm":0,"hasMask":false,"ao":0,"ks":{"a":{"a":0,"k":[172,233.5,0],"ix":1},"s":{"a":0,"k":[87.21,87.21,100],"ix":6},"sk":{"a":0,"k":0},"p":{"a":0,"k":[150,150,0],"ix":2},"r":{"a":0,"k":0,"ix":10},"sa":{"a":0,"k":0},"o":{"a":0,"k":100,"ix":11}},"ef":[],"shapes":[{"ty":"gr","bm":0,"hd":false,"mn":"ADBE Vector Group","nm":"Group 2","ix":1,"cix":2,"np":4,"it":[{"ty":"sh","bm":0,"hd":false,"mn":"ADBE Vector Shape - Group","nm":"Path 1","ix":1,"d":1,"ks":{"a":0,"k":{"c":true,"i":[[-12.831,-0.034],[0.051,13.213],[12.775,-0.042],[0.119,-12.915]],"o":[[13.424,0.036],[-0.05,-12.945],[-12.968,0.044],[-0.121,13.017]],"v":[[0.892,11.126],[24.913,-12.543],[1.382,-36.216],[-22.339,-12.728]]},"ix":2}},{"ty":"sh","bm":0,"hd":false,"mn":"ADBE Vector Shape - Group","nm":"Path 2","ix":2,"d":1,"ks":{"a":0,"k":{"c":true,"i":[[-0.088,-22.89],[5.563,-7.422],[9.048,-12.404],[3.05,4.201],[9.352,13.103],[-7.165,14.107],[-15.624,0.643]],"o":[[-0.232,8.419],[-9.21,12.286],[-2.898,3.974],[-9.46,-13.03],[-9.324,-13.062],[7.107,-13.996],[21.735,-0.895]],"v":[[41.435,-11.89],[32.832,12.329],[5.237,49.212],[-2.6,49.353],[-31.363,10.544],[-34.27,-30.856],[0.618,-52.659]]},"ix":2}},{"ty":"mm","bm":0,"hd":false,"mn":"ADBE Vector Filter - Merge","nm":"Merge Paths 1","mm":1},{"ty":"fl","bm":0,"hd":false,"mn":"ADBE Vector Graphic - Fill","nm":"Fill 1","c":{"a":0,"k":[0.9961,0.2627,0.2431],"ix":4},"r":1,"o":{"a":0,"k":100,"ix":5}},{"ty":"tr","a":{"a":0,"k":[0,0],"ix":1},"s":{"a":0,"k":[100,100],"ix":3},"sk":{"a":0,"k":0,"ix":4},"p":{"a":0,"k":[267.356,146.449],"ix":2},"r":{"a":0,"k":0,"ix":6},"sa":{"a":0,"k":0,"ix":5},"o":{"a":1,"k":[{"o":{"x":0.333,"y":0},"i":{"x":0.667,"y":1},"s":[0],"t":130},{"s":[100],"t":166.7}],"ix":7}}]}],"ind":1},{"ty":4,"nm":"LOGO RUTGAS Outlines 5","sr":1,"st":6.7,"op":2506.7,"ip":46.7,"hd":false,"ddd":0,"bm":0,"hasMask":true,"ao":0,"ks":{"a":{"a":0,"k":[172,233.5,0],"ix":1},"s":{"a":0,"k":[87.21,87.21,100],"ix":6},"sk":{"a":0,"k":0},"p":{"a":0,"k":[150,150,0],"ix":2},"r":{"a":0,"k":0,"ix":10},"sa":{"a":0,"k":0},"o":{"a":0,"k":100,"ix":11}},"ef":[],"masksProperties":[{"nm":"Mask 1","inv":false,"mode":"a","x":{"a":0,"k":0,"ix":4},"o":{"a":0,"k":100,"ix":3},"pt":{"a":1,"k":[{"o":{"x":0.333,"y":0},"i":{"x":0.667,"y":1},"s":[{"c":true,"i":[[0,0],[0,0],[0,0],[0,0]],"o":[[0,0],[0,0],[0,0],[0,0]],"v":[[121.898,337.492],[121.939,377.355],[122.806,377.227],[122.765,337.364]]}],"t":46.7},{"o":{"x":0.333,"y":0},"i":{"x":0.667,"y":1},"s":[{"c":true,"i":[[0,0],[0,0],[0,0],[0,0]],"o":[[0,0],[0,0],[0,0],[0,0]],"v":[[121.898,337.492],[121.939,377.355],[147.651,377.349],[147.61,337.486]]}],"t":60.6},{"o":{"x":0.333,"y":0},"i":{"x":0.667,"y":1},"s":[{"c":true,"i":[[0,0],[0,0],[0,0],[0,0]],"o":[[0,0],[0,0],[0,0],[0,0]],"v":[[121.898,337.492],[121.939,377.355],[193.836,377.25],[193.795,337.387]]}],"t":74.5},{"o":{"x":0.333,"y":0},"i":{"x":0.667,"y":1},"s":[{"c":true,"i":[[0,0],[0,0],[0,0],[0,0]],"o":[[0,0],[0,0],[0,0],[0,0]],"v":[[121.898,337.492],[121.939,377.355],[251.169,377.201],[251.128,337.338]]}],"t":88.4},{"o":{"x":0.333,"y":0},"i":{"x":0.667,"y":1},"s":[{"c":true,"i":[[0,0],[0,0],[0,0],[0,0]],"o":[[0,0],[0,0],[0,0],[0,0]],"v":[[121.831,299.907],[121.939,377.355],[276.969,377.403],[276.86,299.955]]}],"t":102.2},{"o":{"x":0.333,"y":0},"i":{"x":0.667,"y":1},"s":[{"c":true,"i":[[0,0],[0,0],[0,0],[0,0]],"o":[[0,0],[0,0],[0,0],[0,0]],"v":[[121.797,243.847],[121.939,377.355],[276.969,377.403],[276.827,243.896]]}],"t":116.1},{"s":[{"c":true,"i":[[0,0],[0,0],[0,0],[0,0]],"o":[[0,0],[0,0],[0,0],[0,0]],"v":[[121.939,206.262],[121.939,377.355],[276.969,377.403],[276.969,206.31]]}],"t":130}],"ix":1}}],"shapes":[{"ty":"gr","bm":0,"hd":false,"mn":"ADBE Vector Group","nm":"Group 1","ix":1,"cix":2,"np":2,"it":[{"ty":"sh","bm":0,"hd":false,"mn":"ADBE Vector Shape - Group","nm":"Path 1","ix":1,"d":1,"ks":{"a":0,"k":{"c":true,"i":[[0,0],[2.612,0.128],[0.016,3.925],[-3.613,0.016],[-12.851,1.421],[-15.628,7.857],[6.615,23.616],[1.523,11.4],[-14.771,8.709],[-5.393,0.814],[-0.508,-3.781],[3.427,-0.655],[-2.602,-19.07],[-2.72,-10.098],[4.445,-12.093],[15.782,-6.679],[20.219,-1.537],[6.732,-0.323]],"o":[[-2.618,0],[-3.621,-0.176],[-0.016,-4.064],[12.933,-0.055],[17.179,-1.9],[21.856,-10.989],[-3.071,-10.964],[-2.658,-19.884],[4.741,-2.796],[3.642,-0.549],[0.468,3.495],[-21.053,4.019],[1.427,10.458],[3.264,12.116],[-6.228,16.944],[-18.855,7.98],[-6.718,0.509],[0,0]],"v":[[-61.378,81.556],[-69.232,81.531],[-75.48,75.777],[-69.113,70.301],[-30.423,68.188],[19.262,55.23],[42.691,1.957],[33.951,-31.064],[52.745,-75.842],[68.04,-81.11],[75.028,-76.298],[69.91,-70.09],[45.221,-31.604],[53.437,-1.324],[53.346,35.106],[17.917,68.189],[-41.176,80.447],[-61.37,81.442]]},"ix":2}},{"ty":"fl","bm":0,"hd":false,"mn":"ADBE Vector Graphic - Fill","nm":"Fill 1","c":{"a":0,"k":[0.3451,0.7412,0.7176],"ix":4},"r":1,"o":{"a":0,"k":100,"ix":5}},{"ty":"tr","a":{"a":0,"k":[0,0],"ix":1},"s":{"a":0,"k":[100,100],"ix":3},"sk":{"a":0,"k":0,"ix":4},"p":{"a":0,"k":[199.038,291.701],"ix":2},"r":{"a":0,"k":0,"ix":6},"sa":{"a":0,"k":0,"ix":5},"o":{"a":0,"k":100,"ix":7}}]}],"ind":2},{"ty":4,"nm":"LOGO RUTGAS Outlines 2","sr":1,"st":0,"op":2500,"ip":0,"hd":false,"ddd":0,"bm":0,"hasMask":false,"ao":0,"ks":{"a":{"a":0,"k":[129,355,0],"ix":1},"s":{"a":1,"k":[{"o":{"x":0.333,"y":0},"i":{"x":0.667,"y":1},"s":[0,0,100],"t":0},{"o":{"x":0.333,"y":0},"i":{"x":0.667,"y":1},"s":[87.21,102.78,100],"t":13.4},{"o":{"x":0.333,"y":0},"i":{"x":0.667,"y":1},"s":[87.21,87.21,100],"t":20},{"o":{"x":0.333,"y":0},"i":{"x":0.667,"y":1},"s":[87.21,102.78,100],"t":26.7},{"s":[87.21,87.21,100],"t":33.4}],"ix":6},"sk":{"a":0,"k":0},"p":{"a":1,"k":[{"o":{"x":0.333,"y":0},"i":{"x":0.667,"y":1},"s":[149.83,258.06,0],"t":33.4},{"s":[112.89,255.83,0],"t":46.7}],"ix":2},"r":{"a":0,"k":0,"ix":10},"sa":{"a":0,"k":0},"o":{"a":0,"k":100,"ix":11}},"ef":[],"shapes":[{"ty":"gr","bm":0,"hd":false,"mn":"ADBE Vector Group","nm":"Group 3","ix":1,"cix":2,"np":4,"it":[{"ty":"sh","bm":0,"hd":false,"mn":"ADBE Vector Shape - Group","nm":"Path 1","ix":1,"d":1,"ks":{"a":0,"k":{"c":true,"i":[[28.105,-0.079],[-0.005,-29.034],[-27.975,0.003],[0.17,28.969]],"o":[[-29.443,0.082],[0.006,28.511],[29.454,-0.002],[-0.166,-28.441]],"v":[[2.08,-83.211],[-51.111,-30.601],[0.769,22.257],[54.361,-30.763]]},"ix":2}},{"ty":"sh","bm":0,"hd":false,"mn":"ADBE Vector Shape - Group","nm":"Path 2","ix":2,"d":1,"ks":{"a":0,"k":{"c":true,"i":[[-31.987,-0.073],[-17.347,-33.313],[21.409,-30.444],[24.069,-32.038],[3.695,4.92],[23.232,32.627],[-33.42,32.262]],"o":[[31.732,0.703],[17.293,33.207],[-23.04,32.762],[-3.619,4.817],[-24.058,-32.038],[-27.346,-38.405],[18.29,-17.657]],"v":[[8.006,-124.898],[85.533,-73.374],[78.46,23.807],[6.575,120.151],[-3.594,120.051],[-75.48,23.727],[-64.296,-98.286]]},"ix":2}},{"ty":"mm","bm":0,"hd":false,"mn":"ADBE Vector Filter - Merge","nm":"Merge Paths 1","mm":1},{"ty":"fl","bm":0,"hd":false,"mn":"ADBE Vector Graphic - Fill","nm":"Fill 1","c":{"a":0,"k":[0.2471,0.5059,0.7569],"ix":4},"r":1,"o":{"a":0,"k":100,"ix":5}},{"ty":"tr","a":{"a":0,"k":[0,0],"ix":1},"s":{"a":0,"k":[100,100],"ix":3},"sk":{"a":0,"k":0,"ix":4},"p":{"a":0,"k":[127.359,231.673],"ix":2},"r":{"a":0,"k":0,"ix":6},"sa":{"a":0,"k":0,"ix":5},"o":{"a":0,"k":100,"ix":7}}]}],"ind":3}]}]}